username,user id,access hash,group,group id
Catapliza,1134520945,2950793445441853417,Toram Online Indonesia,1184379295
Mirza685,1402938350,-3069039961702375143,Toram Online Indonesia,1184379295
Eunoia_Klandestin,5042856902,-6903836616382516268,Toram Online Indonesia,1184379295
justlovea,5426475015,-1340936922569126953,Toram Online Indonesia,1184379295
Ye2ye,1011517026,-6394692789996587679,Toram Online Indonesia,1184379295
Makiya01,5534873838,-1766394674097908194,Toram Online Indonesia,1184379295
Bringash,617377791,2056967185660700945,Toram Online Indonesia,1184379295
Ign_vitamin,5725172984,-7082083861693800176,Toram Online Indonesia,1184379295
Dihkan,1330900929,-4014582403076386247,Toram Online Indonesia,1184379295
kazzastore,5411856979,1885496954601446387,Toram Online Indonesia,1184379295
DaeYoo,1723581798,-1491243044899925972,Toram Online Indonesia,1184379295
speratebadger,1125399198,-2664041624813589082,Toram Online Indonesia,1184379295
,6831653334,-40669228440888996,Toram Online Indonesia,1184379295
Miikotoo,5134405669,106011520051756470,Toram Online Indonesia,1184379295
Upyyy12,5306244704,171625353816233532,Toram Online Indonesia,1184379295
cumaikanlele,1316382692,2735945257517611303,Toram Online Indonesia,1184379295
,6558262972,3133762037747874769,Toram Online Indonesia,1184379295
,6571959620,-6231485452307029058,Toram Online Indonesia,1184379295
Groxx027,5709424946,1090844412251687830,Toram Online Indonesia,1184379295
dafonr1999,1445172537,-628254647183132447,Toram Online Indonesia,1184379295
mastah69,5138427183,7574283223593215009,Toram Online Indonesia,1184379295
ziapz,1611855786,-2933233015702750418,Toram Online Indonesia,1184379295
Gilang1246,1992574159,-3647135350413591855,Toram Online Indonesia,1184379295
AlokFreFayer,5527948853,-713046677264520396,Toram Online Indonesia,1184379295
Apriiiiiiiiiiiiiiii,628243558,-5618641443327305374,Toram Online Indonesia,1184379295
akrindev,304997658,-8094976656735110277,Toram Online Indonesia,1184379295
MysteryXVII,5559457011,7923750864658881577,Toram Online Indonesia,1184379295
Itsmodmmos,6381479469,5637678586756551659,Toram Online Indonesia,1184379295
Magotamagooooo,2057457756,4839930393799094298,Toram Online Indonesia,1184379295
TheFuck1922,1997866760,1194012225324820758,Toram Online Indonesia,1184379295
PratamaRI,1992117568,-4092343935702050156,Toram Online Indonesia,1184379295
fatsamyeah,907827198,-664335402153629194,Toram Online Indonesia,1184379295
fiduyyp,6211529221,-4363686192594608526,Toram Online Indonesia,1184379295
Apajshdidneowjajzbxhx,5158952530,-8026186299187554775,Toram Online Indonesia,1184379295
TARINGASIA,5759775064,2624104217801369898,Toram Online Indonesia,1184379295
da_gans07,1268125859,-8388796014827266461,Toram Online Indonesia,1184379295
Heros_7,1352027268,1286054916935689542,Toram Online Indonesia,1184379295
Minime_SS,2030003782,4290012226890344393,Toram Online Indonesia,1184379295
sksk_el,1329829948,-4815802341196681612,Toram Online Indonesia,1184379295
QielaRusli,954125602,-1133514123527167769,Toram Online Indonesia,1184379295
,6750351314,-5429058528722485010,Toram Online Indonesia,1184379295
Askemyy,1955633995,-6845520947088924310,Toram Online Indonesia,1184379295
brightillend,1763673737,3123192180237434908,Toram Online Indonesia,1184379295
,5990521709,-5850749785257847739,Toram Online Indonesia,1184379295
,1248884601,-5977860329092992802,Toram Online Indonesia,1184379295
,6799904352,-838743340724066292,Toram Online Indonesia,1184379295
Putrinurumiati,5426623062,-6614469825119268890,Toram Online Indonesia,1184379295
,5402941848,-659473293911734217,Toram Online Indonesia,1184379295
KhoirulG,5945470836,-2210641330962847246,Toram Online Indonesia,1184379295
SneyDey,5598037613,-8673704743398330205,Toram Online Indonesia,1184379295
ptradeliandri,1504693546,-2723129346180314872,Toram Online Indonesia,1184379295
,6905327357,-742697939112019181,Toram Online Indonesia,1184379295
,1356166164,97836554704523494,Toram Online Indonesia,1184379295
,6891145714,6923650667503139025,Toram Online Indonesia,1184379295
Koyocape,6308732914,-7605866124681610808,Toram Online Indonesia,1184379295
EsaSyuhada,1449391816,-775083633913939378,Toram Online Indonesia,1184379295
SelopYY,5914410624,1859631087839778699,Toram Online Indonesia,1184379295
,6047981393,2149664068341137214,Toram Online Indonesia,1184379295
dimasfarchan,1393408908,-358866137962348193,Toram Online Indonesia,1184379295
sknaiw,5087581873,7823488776479690570,Toram Online Indonesia,1184379295
aditf,743527775,1985278899518593935,Toram Online Indonesia,1184379295
Vistage_4,5572499558,4231030194559405893,Toram Online Indonesia,1184379295
Nemoneko13,5546131201,-8620294742419020267,Toram Online Indonesia,1184379295
Rama_Putra_Priyadi,1087642173,7825831435276385,Toram Online Indonesia,1184379295
,1821495336,1650268486437042435,Toram Online Indonesia,1184379295
,1304155847,-5446731743007834225,Toram Online Indonesia,1184379295
Nandayonima,1341883255,9132811697552233683,Toram Online Indonesia,1184379295
ochanobang74gmailcom,935951984,2915459298129499232,Toram Online Indonesia,1184379295
Kenkaiserrrrrrrrrr,1399138760,2614447045046258208,Toram Online Indonesia,1184379295
,5713120160,6962804152107119723,Toram Online Indonesia,1184379295
,6817583464,-3658998058748788449,Toram Online Indonesia,1184379295
,6180398752,3417879995338262220,Toram Online Indonesia,1184379295
,6681737945,-8236458579847219325,Toram Online Indonesia,1184379295
,999137043,9009299698240781565,Toram Online Indonesia,1184379295
MegumiiStoree,6766166495,-5179701863718776959,Toram Online Indonesia,1184379295
We4pon,1709370318,-1691115932435855672,Toram Online Indonesia,1184379295
sadslone,1334707628,4644881051794815168,Toram Online Indonesia,1184379295
,6342237156,-8482189296306251008,Toram Online Indonesia,1184379295
,6767051354,2142859536081845509,Toram Online Indonesia,1184379295
Kenzieen793,5895585784,-1417525609679718913,Toram Online Indonesia,1184379295
,6964272350,6082643048684281118,Toram Online Indonesia,1184379295
,6396119899,5256687361916569672,Toram Online Indonesia,1184379295
,6983455952,2831372806452508117,Toram Online Indonesia,1184379295
zeattluke,1182337757,-6735025227589221762,Toram Online Indonesia,1184379295
,5820014694,3866775296050470651,Toram Online Indonesia,1184379295
,5832342843,-7732511103242316891,Toram Online Indonesia,1184379295
,6916932947,-4927516954932833304,Toram Online Indonesia,1184379295
,1704712915,-1425726965124264794,Toram Online Indonesia,1184379295
Edelweiss013,6686793048,-976574515190428454,Toram Online Indonesia,1184379295
,6784238038,2376844172187375501,Toram Online Indonesia,1184379295
temanmuyanghilang,1301164671,-3219293149795578224,Toram Online Indonesia,1184379295
,6281034292,-7996506629523397856,Toram Online Indonesia,1184379295
Zinux999,5504488063,-7670311009538946873,Toram Online Indonesia,1184379295
,1357657772,-895843004736152352,Toram Online Indonesia,1184379295
,6896572069,7178937108933779329,Toram Online Indonesia,1184379295
,6673668465,-3505262193896410419,Toram Online Indonesia,1184379295
Chopp17,6227522721,4080296102213230303,Toram Online Indonesia,1184379295
,656151701,-6910121657733608866,Toram Online Indonesia,1184379295
,6093799846,-8894559131354203764,Toram Online Indonesia,1184379295
zac_aztec,5075543742,7550753674658020467,Toram Online Indonesia,1184379295
hamdanzulva2002,2063263465,-1786285117513777552,Toram Online Indonesia,1184379295
fact7x,5471185912,-485257976146310994,Toram Online Indonesia,1184379295
,6234616243,4687857021864579210,Toram Online Indonesia,1184379295
van_liev,1602452442,-5675002737328376783,Toram Online Indonesia,1184379295
,6361291897,-6617931017401346523,Toram Online Indonesia,1184379295
,5678872855,-1107634765908516818,Toram Online Indonesia,1184379295
NoNamee99999,1634492319,4503682976264034273,Toram Online Indonesia,1184379295
,6650299132,-6517907656794005752,Toram Online Indonesia,1184379295
,1368105543,6251518424867317512,Toram Online Indonesia,1184379295
Babylis6,6682391094,3061448067704155806,Toram Online Indonesia,1184379295
,6265606145,-2817438593105732527,Toram Online Indonesia,1184379295
,6460013851,-959814015521781383,Toram Online Indonesia,1184379295
Th_48,5100329465,3680339645401223643,Toram Online Indonesia,1184379295
MIDA079,1690966364,-4409684489862931114,Toram Online Indonesia,1184379295
,5238525112,-8156620639872365834,Toram Online Indonesia,1184379295
VcarCar,1613873129,3571337527471666076,Toram Online Indonesia,1184379295
,6287410174,5813945038508687022,Toram Online Indonesia,1184379295
Mochiiizou,1821762687,-2606622418203645973,Toram Online Indonesia,1184379295
sansyfllh,1777650157,5921164813611085660,Toram Online Indonesia,1184379295
syhrlftkaii,1850112213,-5348931819566152764,Toram Online Indonesia,1184379295
mahenzxtonline,5169135963,-1880263802388069768,Toram Online Indonesia,1184379295
Goodday75,6177877552,3680530487334433453,Toram Online Indonesia,1184379295
fadannn,6011402981,-8393835899780705456,Toram Online Indonesia,1184379295
lx4243,6218173675,-8646837231651169794,Toram Online Indonesia,1184379295
,6598435354,3390623614200672833,Toram Online Indonesia,1184379295
,6407632835,5846985838891624550,Toram Online Indonesia,1184379295
LitDo,1737043800,8312450540890674834,Toram Online Indonesia,1184379295
Nekorup,5484036038,1380002683384879653,Toram Online Indonesia,1184379295
,5002731115,2459824982592015710,Toram Online Indonesia,1184379295
isfinee,5064507791,2064385237035463283,Toram Online Indonesia,1184379295
RealistZ,5577860897,605592209902767948,Toram Online Indonesia,1184379295
arsysmti,1734671415,8977852538370800259,Toram Online Indonesia,1184379295
terlucknut,525485615,-8292422489838859891,Toram Online Indonesia,1184379295
,5519014701,6658578632675088200,Toram Online Indonesia,1184379295
,6003365742,5878840055776334679,Toram Online Indonesia,1184379295
Racks66,6205187488,4642084876162896404,Toram Online Indonesia,1184379295
Hang_Quick,1875577322,-8413260073361930711,Toram Online Indonesia,1184379295
Palosky01,6698810426,3956731322304235411,Toram Online Indonesia,1184379295
beksxss,942412877,-1498487328382904830,Toram Online Indonesia,1184379295
passanger01,1859059811,-7092794458912632013,Toram Online Indonesia,1184379295
,6218633188,1936055489560641988,Toram Online Indonesia,1184379295
,1601140532,-5671412423510433654,Toram Online Indonesia,1184379295
Orangrandombange,1201369760,1603458511269341566,Toram Online Indonesia,1184379295
ydsuite1,5466519948,9078736522694974683,Toram Online Indonesia,1184379295
xxvrxc,5091515901,8322799396335523975,Toram Online Indonesia,1184379295
,6565587264,-5752387625459268810,Toram Online Indonesia,1184379295
,751458052,-1892889355457117669,Toram Online Indonesia,1184379295
Jangsarip,1452847624,-5060225844067410534,Toram Online Indonesia,1184379295
PJ000000001,1987837842,-4609413821581304199,Toram Online Indonesia,1184379295
geovedi02,657768761,8354398744316814887,Toram Online Indonesia,1184379295
,1298504620,-571137783216482629,Toram Online Indonesia,1184379295
Harrylsmn,5605197158,1322029100945974199,Toram Online Indonesia,1184379295
Ming8090,1731520375,-3274092484443805442,Toram Online Indonesia,1184379295
Just_alannn,6259252476,-2675638615367648666,Toram Online Indonesia,1184379295
,5261907431,4953117570638444938,Toram Online Indonesia,1184379295
,1543853614,6575383213076649990,Toram Online Indonesia,1184379295
Lyle17,5356875518,7804436786545810348,Toram Online Indonesia,1184379295
VillainsZz,6545736611,6732529337426606301,Toram Online Indonesia,1184379295
,6608737463,9040852129972588361,Toram Online Indonesia,1184379295
koalakoala2,5672566866,-3441232347002916638,Toram Online Indonesia,1184379295
Chikiganteng,5714931301,-728060314819530988,Toram Online Indonesia,1184379295
mcarl_72,1880867678,-7341967463995548887,Toram Online Indonesia,1184379295
Aditiyara,6237588555,5714217210221138117,Toram Online Indonesia,1184379295
,5085334034,-7339386687531949377,Toram Online Indonesia,1184379295
Ansstaaa,6032929484,-776845647682524325,Toram Online Indonesia,1184379295
SkullBurst,897139701,6734684412895633513,Toram Online Indonesia,1184379295
,6020722912,-6119516012799849843,Toram Online Indonesia,1184379295
,6034735090,8520629672553760826,Toram Online Indonesia,1184379295
,5022873183,5785751606950753539,Toram Online Indonesia,1184379295
,6387774438,-5845778484660386261,Toram Online Indonesia,1184379295
,6575546658,-7330525868644484848,Toram Online Indonesia,1184379295
Xinnn125,6120081686,4944739480084602208,Toram Online Indonesia,1184379295
popiceav,5874155439,5868546982447880623,Toram Online Indonesia,1184379295
deathstalkerxvii,1088817745,8330957065511705011,Toram Online Indonesia,1184379295
,5737817303,5654189937292581954,Toram Online Indonesia,1184379295
nuyiopask,5664250460,7967354814921384372,Toram Online Indonesia,1184379295
chia280199,1234587771,497088842945043415,Toram Online Indonesia,1184379295
Gustpra,6009317200,-8662655610123333239,Toram Online Indonesia,1184379295
SpearOfDespair,5871052228,-6983528588820934689,Toram Online Indonesia,1184379295
little2117,1392950817,-7821590690636333654,Toram Online Indonesia,1184379295
,6231701705,5837506646521390171,Toram Online Indonesia,1184379295
,6043762617,6220890568025691658,Toram Online Indonesia,1184379295
eian23,5092155908,7853200836563207207,Toram Online Indonesia,1184379295
sembarang10h,5735996748,-2346858162146824075,Toram Online Indonesia,1184379295
karyuu1,5920212216,6757113478268017251,Toram Online Indonesia,1184379295
Kanzami,1382647319,-3435595476339000349,Toram Online Indonesia,1184379295
Xlengep,5269388412,616243747700955029,Toram Online Indonesia,1184379295
Twrghh,1844848878,2818564091221645277,Toram Online Indonesia,1184379295
,6104769305,-1381650634056406977,Toram Online Indonesia,1184379295
edi1987,5166585947,1615603810530610702,Toram Online Indonesia,1184379295
,589660591,-5365750761436530486,Toram Online Indonesia,1184379295
,6233093474,2038380613987076418,Toram Online Indonesia,1184379295
KupatTahu48,1396893074,-3064702916067440379,Toram Online Indonesia,1184379295
coolaaaaas,1783489376,-6360707974998275016,Toram Online Indonesia,1184379295
,6565792959,-1926594227973679767,Toram Online Indonesia,1184379295
TylerFreakinDurden,806494010,-6058094663708761620,Toram Online Indonesia,1184379295
bayv012,1187862274,-8588151702125647369,Toram Online Indonesia,1184379295
Sepaloport,6098449100,-2765647255733541871,Toram Online Indonesia,1184379295
,5394195430,-1455229377952268151,Toram Online Indonesia,1184379295
Makima_2510,6172739731,-6864777494704175983,Toram Online Indonesia,1184379295
,812489082,6616437514690710261,Toram Online Indonesia,1184379295
,6148278429,-4283224578776402337,Toram Online Indonesia,1184379295
Dianales8499,1118442488,238677456544060928,Toram Online Indonesia,1184379295
Zeroyamakuza,837851252,646663469192708331,Toram Online Indonesia,1184379295
DDSE4238,690586318,1884739291126972877,Toram Online Indonesia,1184379295
Afinime,1352896295,-256994746511331871,Toram Online Indonesia,1184379295
Clefo,1236773237,8072037176791113725,Toram Online Indonesia,1184379295
,6318823762,9077531542757394629,Toram Online Indonesia,1184379295
Farmerbwing,6009468254,-4053540807763747706,Toram Online Indonesia,1184379295
,1843306548,1406788741843240880,Toram Online Indonesia,1184379295
,1913713649,7473721351053101772,Toram Online Indonesia,1184379295
Zan91_9,1781720114,1208134257477398309,Toram Online Indonesia,1184379295
YOAZXC,5345828818,5193485322266571294,Toram Online Indonesia,1184379295
Deff2220,1183330397,-914299073700035352,Toram Online Indonesia,1184379295
Cheseeyin,5950874922,4013334496661287139,Toram Online Indonesia,1184379295
Jovannw,5427476071,-2151027730153206979,Toram Online Indonesia,1184379295
BetaDev55,1834160077,-6021193935399780687,Toram Online Indonesia,1184379295
Matsuo4,1351191909,5259383655769359432,Toram Online Indonesia,1184379295
i_lynlyny,1700774698,1434238264741538973,Toram Online Indonesia,1184379295
,5723489735,8916158391018104941,Toram Online Indonesia,1184379295
Malemmalemdingin,1999212656,5115451681170344090,Toram Online Indonesia,1184379295
tik44412,6000951216,1441826562712602973,Toram Online Indonesia,1184379295
,5138203106,8218677572675690655,Toram Online Indonesia,1184379295
binsojo,2047738965,-5240131547618357233,Toram Online Indonesia,1184379295
MINLBS,1442947769,7770529538721739576,Toram Online Indonesia,1184379295
epicboost,6137992740,-104436324863208236,Toram Online Indonesia,1184379295
irwan_ndi,928775253,322785755418457974,Toram Online Indonesia,1184379295
,922249177,-1986509300194938325,Toram Online Indonesia,1184379295
,6029453724,-3442410166224381668,Toram Online Indonesia,1184379295
Jajeees,6172033254,5366071289728423661,Toram Online Indonesia,1184379295
rgibranfL,5598157882,-4326145882854253168,Toram Online Indonesia,1184379295
Aab_Fatih,734757015,3034477618682286438,Toram Online Indonesia,1184379295
,5775170341,-8629455629621243184,Toram Online Indonesia,1184379295
ichigoats,5667931934,8968690445843017980,Toram Online Indonesia,1184379295
Rukkie76,2082402838,-6448237469613363264,Toram Online Indonesia,1184379295
,2092720920,1036700547177963727,Toram Online Indonesia,1184379295
,1049796747,-2739013952374855344,Toram Online Indonesia,1184379295
callmeeastie,5003982110,-7956224538033725679,Toram Online Indonesia,1184379295
Teddyjonathan59,1280483970,1923654823142256614,Toram Online Indonesia,1184379295
CIMPLUNG15,5210754099,3741301916478144950,Toram Online Indonesia,1184379295
ainotbots,6117247677,10609448235400891,Toram Online Indonesia,1184379295
Marxel,5177707784,6345040447212893626,Toram Online Indonesia,1184379295
opalena,970869936,-4273650536843538629,Toram Online Indonesia,1184379295
iqtidab,1446975547,4780889717961726976,Toram Online Indonesia,1184379295
N4T2F,1243200498,-2880062436677069621,Toram Online Indonesia,1184379295
DePuth,1656297987,-2899200125142365368,Toram Online Indonesia,1184379295
,6217612327,-7608636393758650005,Toram Online Indonesia,1184379295
,5095120550,-1202531569532508045,Toram Online Indonesia,1184379295
pokejuyyy,996938748,-4753829774271965083,Toram Online Indonesia,1184379295
Rafuwe,1330364670,-8163488378991318707,Toram Online Indonesia,1184379295
,5866408945,-4820168085439853182,Toram Online Indonesia,1184379295
,1508083205,2306109080618884234,Toram Online Indonesia,1184379295
,6282609770,932555742420004964,Toram Online Indonesia,1184379295
lik044,250254289,-815606896912976595,Toram Online Indonesia,1184379295
Waiook,5713182819,-7878324194444882771,Toram Online Indonesia,1184379295
CikalBags,6003594301,-7628121173707305220,Toram Online Indonesia,1184379295
,5521429242,4064281957853509223,Toram Online Indonesia,1184379295
,6199571602,6825726697296870300,Toram Online Indonesia,1184379295
,687531623,3292157074023580413,Toram Online Indonesia,1184379295
,1841177557,-6937561680130218090,Toram Online Indonesia,1184379295
soheeia,1893195708,5011636616511089085,Toram Online Indonesia,1184379295
,6274400461,8726901775329274360,Toram Online Indonesia,1184379295
rioo_4x,5991138245,-3749115293018985318,Toram Online Indonesia,1184379295
UsmanLuluy,5384183132,-2148525370144443741,Toram Online Indonesia,1184379295
,1758328674,7412330709309843639,Toram Online Indonesia,1184379295
Naufalf04,1220387489,-7475087397863637335,Toram Online Indonesia,1184379295
fallennn2,6281310754,6936017274820195304,Toram Online Indonesia,1184379295
mikusnakano,5854130284,-5149904551770022999,Toram Online Indonesia,1184379295
YotsuyaSui,1631692417,-7715204513825606120,Toram Online Indonesia,1184379295
feshfes1,580708105,372803785626331660,Toram Online Indonesia,1184379295
PndaaImut,1262794561,721689259069753664,Toram Online Indonesia,1184379295
yyytimm,6075873495,-5253766351586660589,Toram Online Indonesia,1184379295
kimezuki,6029325745,7283689503190998574,Toram Online Indonesia,1184379295
,5840213182,-5005968850864278302,Toram Online Indonesia,1184379295
Dorifish1,1520793033,4422086069537785348,Toram Online Indonesia,1184379295
,5212849860,5948416751950075349,Toram Online Indonesia,1184379295
sinnnnnnno,6299378031,-3307109459710001873,Toram Online Indonesia,1184379295
Shush2104,5377633696,-7031261158321225040,Toram Online Indonesia,1184379295
,6083788637,5966757992648918606,Toram Online Indonesia,1184379295
,5885322126,8149030083755575563,Toram Online Indonesia,1184379295
PrasssKoh,5672657709,540988356670016984,Toram Online Indonesia,1184379295
ALRAVIL,1927424474,3483522911896609637,Toram Online Indonesia,1184379295
putrifram,5347392632,-4845628969542837536,Toram Online Indonesia,1184379295
Hanzooo77,1622050697,5675576064584306908,Toram Online Indonesia,1184379295
ventinied,5115048999,1760907836496424952,Toram Online Indonesia,1184379295
,6190231277,5705250366226113153,Toram Online Indonesia,1184379295
,771227757,4735790217087829218,Toram Online Indonesia,1184379295
omsensen,833575459,-1238086155434044535,Toram Online Indonesia,1184379295
HF_Leader,1194869281,9175810290148802086,Toram Online Indonesia,1184379295
Ken_nyan,1718622514,820127348352485258,Toram Online Indonesia,1184379295
tagaphilsca1,1406252016,-1026569701371373719,Toram Online Indonesia,1184379295
,5924751867,7543845279030809180,Toram Online Indonesia,1184379295
Athenakyuuji,2038021485,3697838436878408820,Toram Online Indonesia,1184379295
,6238021671,-1348185919105219705,Toram Online Indonesia,1184379295
BASENGEUY,1040515596,-1782442431415049291,Toram Online Indonesia,1184379295
,1197034054,7760327481767680371,Toram Online Indonesia,1184379295
Exha_Iruna,2094668986,4020645116712161308,Toram Online Indonesia,1184379295
Sandisetiawan6,6285846856,-8103573512715171239,Toram Online Indonesia,1184379295
supremealexander,5491685399,7462927137339936636,Toram Online Indonesia,1184379295
,6012285121,3381645431223310957,Toram Online Indonesia,1184379295
capioooo,5210196304,5813199233502613524,Toram Online Indonesia,1184379295
,5406711518,5039323944299016947,Toram Online Indonesia,1184379295
,6009773997,7601766195060796840,Toram Online Indonesia,1184379295
ShouyaShouu,5278220111,4116093454212210659,Toram Online Indonesia,1184379295
ChocoLatte26,2095833388,3378594010537102527,Toram Online Indonesia,1184379295
,5859629993,8864427988681492066,Toram Online Indonesia,1184379295
jfudsrfse,2051880741,1294279397545197644,Toram Online Indonesia,1184379295
falishanoureen30,6125038029,-1815039352996135874,Toram Online Indonesia,1184379295
Regka9,1700581564,-3658160857341358489,Toram Online Indonesia,1184379295
Maha_tyan,389507859,-936336512268927625,Toram Online Indonesia,1184379295
Shakmeh,1256480980,-8072447094151029880,Toram Online Indonesia,1184379295
,5875746254,3788260824231233180,Toram Online Indonesia,1184379295
,1943364836,228005988359047139,Toram Online Indonesia,1184379295
Khairulumamfauzi,1473453708,-8966503406959416150,Toram Online Indonesia,1184379295
bbyyhhm,2129635412,5610340191060619912,Toram Online Indonesia,1184379295
,5420522667,-2265824171213824438,Toram Online Indonesia,1184379295
,1567561122,5360963858681739595,Toram Online Indonesia,1184379295
,6084805789,7512855614913445489,Toram Online Indonesia,1184379295
Mazhivers,5774339947,-4264713293334133793,Toram Online Indonesia,1184379295
Goblogsiaanying,1319418410,1018490644309084432,Toram Online Indonesia,1184379295
Bogor28,5264542618,-3374671617409569435,Toram Online Indonesia,1184379295
,6172636138,-6268457984685830848,Toram Online Indonesia,1184379295
Nazril_PenDragon,1254772499,5625818982796899750,Toram Online Indonesia,1184379295
omyfridayani,1653777466,253111669499821492,Toram Online Indonesia,1184379295
,1497101440,-8433517455630650856,Toram Online Indonesia,1184379295
Leyyaaa_ay,5033882204,-8185831773392413383,Toram Online Indonesia,1184379295
Lulzech,5599747114,1790290924511809906,Toram Online Indonesia,1184379295
,5000135819,8452566363363836295,Toram Online Indonesia,1184379295
,6120262821,1944532568494936232,Toram Online Indonesia,1184379295
Ruzzyykun,1540860805,-8168095395446421909,Toram Online Indonesia,1184379295
,1358641366,-76098169079723755,Toram Online Indonesia,1184379295
Immortal_Human,1857647904,-5895799936502675251,Toram Online Indonesia,1184379295
reatha_eln,1473768317,-1979623608342321009,Toram Online Indonesia,1184379295
,1357268361,8004352106613795622,Toram Online Indonesia,1184379295
DailyFavorite,1785398507,8324410192498485207,Toram Online Indonesia,1184379295
,5802394511,2836703492630230428,Toram Online Indonesia,1184379295
kuskus07,1448441112,-4324885810297334870,Toram Online Indonesia,1184379295
Yunadayo,1472219726,-1715575693338882028,Toram Online Indonesia,1184379295
nekochannnnnnnn,1368958486,-3149267464517852346,Toram Online Indonesia,1184379295
,1618419134,3348613685863369919,Toram Online Indonesia,1184379295
endersixlol,1261784565,-4742065434870254296,Toram Online Indonesia,1184379295
Ingin_Tau,885095122,-2477972656559414812,Toram Online Indonesia,1184379295
,6007454445,-1741992834041623335,Toram Online Indonesia,1184379295
,6265953332,8498033318031309341,Toram Online Indonesia,1184379295
Salman359,1984345830,8715387171483892209,Toram Online Indonesia,1184379295
iCell47,5530203231,4551304736920765821,Toram Online Indonesia,1184379295
XToramModAdmin,1838055558,-5146027425791528042,Toram Online Indonesia,1184379295
Humanity_09,5703766252,109367253281584418,Toram Online Indonesia,1184379295
,5661317766,7176077770665310551,Toram Online Indonesia,1184379295
,2053386687,5663330075802826757,Toram Online Indonesia,1184379295
,745531274,7729887545899369029,Toram Online Indonesia,1184379295
Kimurein,470113386,-6278689318357097603,Toram Online Indonesia,1184379295
Exsannx,1394357087,7335385552071000934,Toram Online Indonesia,1184379295
,5732834270,-2386982245979526104,Toram Online Indonesia,1184379295
Litch002,6103336304,679239818479537392,Toram Online Indonesia,1184379295
senjaa_K,5294391488,-4945976771946013015,Toram Online Indonesia,1184379295
Markmer,5640209151,6222714217102342226,Toram Online Indonesia,1184379295
piwzu,5522762083,-7511952235303863767,Toram Online Indonesia,1184379295
Nana619,2066640780,-3563695466888407097,Toram Online Indonesia,1184379295
,5652788476,-5499760774289056141,Toram Online Indonesia,1184379295
,5602259467,-6410604916954132516,Toram Online Indonesia,1184379295
,1867114165,1727145405393658669,Toram Online Indonesia,1184379295
farmtoramstore,249935352,1170350735475637605,Toram Online Indonesia,1184379295
Agungw00,1271442272,-8523261657901696725,Toram Online Indonesia,1184379295
Gmarzai,1363451129,-3439772916304441692,Toram Online Indonesia,1184379295
Allenchry,2060499832,-2322166639108537526,Toram Online Indonesia,1184379295
fgyibo,5332422997,2196065517981682777,Toram Online Indonesia,1184379295
,5894408211,-8359835723412990916,Toram Online Indonesia,1184379295
,2058405737,-2302518430432474089,Toram Online Indonesia,1184379295
widakdi,582191343,-5293143110303328430,Toram Online Indonesia,1184379295
feufrank,622253185,7743859123390473624,Toram Online Indonesia,1184379295
,5787082668,4533455042041284852,Toram Online Indonesia,1184379295
,1961969130,8453720488771102493,Toram Online Indonesia,1184379295
NyamNyam25,2131312188,-2903999105713577031,Toram Online Indonesia,1184379295
,5771819638,-7379398902599968891,Toram Online Indonesia,1184379295
,1003456002,-6344525655709993655,Toram Online Indonesia,1184379295
,5379623890,-5145857106928308361,Toram Online Indonesia,1184379295
Fanchex,6184620015,8710338905952173539,Toram Online Indonesia,1184379295
,5806221148,4910811390936175016,Toram Online Indonesia,1184379295
kyoeuy,1383430976,3499079999525028151,Toram Online Indonesia,1184379295
fourRFamly,5263875731,2129570553235483827,Toram Online Indonesia,1184379295
marimusk,875775398,6323893114312675192,Toram Online Indonesia,1184379295
Qanur,5645987160,5865739095022021743,Toram Online Indonesia,1184379295
Ketuaganteng,1163553326,6889309549670814001,Toram Online Indonesia,1184379295
Kimandonlykim,1169998929,-1235960548490015640,Toram Online Indonesia,1184379295
GaAkanAdaYangTauGua,1560592560,-7333446345400608773,Toram Online Indonesia,1184379295
zerpill,5534405049,8361952647029523082,Toram Online Indonesia,1184379295
aingbotsumpah,1765989800,-8452148926083315224,Toram Online Indonesia,1184379295
,5254073575,-7447065781530163292,Toram Online Indonesia,1184379295
zyraxxyy,973165119,6506440190121884251,Toram Online Indonesia,1184379295
,5281452466,-4912578363508923977,Toram Online Indonesia,1184379295
,2071779164,-3151013736101722024,Toram Online Indonesia,1184379295
EkoJuna,1223986818,-5093965318416110058,Toram Online Indonesia,1184379295
Evira0,2071663985,-4092948961725155069,Toram Online Indonesia,1184379295
,5333817934,-5883936895979152409,Toram Online Indonesia,1184379295
,5580845935,-327178898286190063,Toram Online Indonesia,1184379295
Cmliax0,5913236215,-779403746776347297,Toram Online Indonesia,1184379295
Lyoar,1898893133,728343788470975114,Toram Online Indonesia,1184379295
,1202370037,-8364315223974531570,Toram Online Indonesia,1184379295
djvnxx,2138493909,-5358670113975341877,Toram Online Indonesia,1184379295
,5224545242,331719192315541790,Toram Online Indonesia,1184379295
Reynald289,2093995407,7214617403438017602,Toram Online Indonesia,1184379295
,5948464675,-2844829916229054896,Toram Online Indonesia,1184379295
woofwoofp,1824225848,-96665136815793870,Toram Online Indonesia,1184379295
Nakareba,1859575598,6634812058325707610,Toram Online Indonesia,1184379295
nallerast,5287622845,1925114909096977750,Toram Online Indonesia,1184379295
,5405273387,5378718557414108148,Toram Online Indonesia,1184379295
As0Y_154,5717203167,4381251834027621722,Toram Online Indonesia,1184379295
,5909687624,-2589620119546279780,Toram Online Indonesia,1184379295
Hnhnww2,1276202513,2728745690112696106,Toram Online Indonesia,1184379295
cumanken,1083961649,2061084015084713582,Toram Online Indonesia,1184379295
exaintworthy,1351769451,-983858916980518193,Toram Online Indonesia,1184379295
nnnecc,1844153873,-8931604694610421077,Toram Online Indonesia,1184379295
aditya_teguh,5859246235,-9011421227032194196,Toram Online Indonesia,1184379295
ynwnel,671339008,3785119236340642530,Toram Online Indonesia,1184379295
Maokuchishinshui,5656402320,987421233451000575,Toram Online Indonesia,1184379295
FynzFahmi,2044453655,-6738208089144735628,Toram Online Indonesia,1184379295
ryooas,1181017729,-5124131246239941218,Toram Online Indonesia,1184379295
,5567639664,3105270122377485681,Toram Online Indonesia,1184379295
mynameisliterallyaro,1271790129,-3046330606759246995,Toram Online Indonesia,1184379295
Masayuki_Makoto,1215105154,-4103359401526899175,Toram Online Indonesia,1184379295
mugenmugemuge,873866809,-4338710205789257000,Toram Online Indonesia,1184379295
kulopoji14,1590449520,9002422906221864795,Toram Online Indonesia,1184379295
,5877147604,-2357027720891376431,Toram Online Indonesia,1184379295
,5383672001,-2746232808775565151,Toram Online Indonesia,1184379295
wadehelomaga,5707963861,3937356742717862370,Toram Online Indonesia,1184379295
Majimbro,5409479070,-6090519963842484246,Toram Online Indonesia,1184379295
Mnj_210404010056,1624877261,-3586585260240098586,Toram Online Indonesia,1184379295
,1577092983,-2055679353224840064,Toram Online Indonesia,1184379295
,1520120781,3320443364426657433,Toram Online Indonesia,1184379295
,5506948406,-241071684930491376,Toram Online Indonesia,1184379295
Rantaro_amami_likes_avocados,607622616,-8026830336805244825,Toram Online Indonesia,1184379295
,385258287,3559933766926932075,Toram Online Indonesia,1184379295
ferdyad,1504844621,4595830644753055971,Toram Online Indonesia,1184379295
,5292437470,3734340392509789473,Toram Online Indonesia,1184379295
Rayhanali,990838607,-6520699446293770436,Toram Online Indonesia,1184379295
Nugrahhhhhhh,1725716998,-6351228184155166045,Toram Online Indonesia,1184379295
Kyonxu,1046924471,2233923382681421230,Toram Online Indonesia,1184379295
Whiterackal,1268308273,-5962197119258478700,Toram Online Indonesia,1184379295
,5669243171,-2137284879031419859,Toram Online Indonesia,1184379295
FOXART18b,1369684294,-3718887696145963882,Toram Online Indonesia,1184379295
,5802779096,-2009975263364522199,Toram Online Indonesia,1184379295
,5162254224,3226731887874076767,Toram Online Indonesia,1184379295
,5030778019,41729498486896347,Toram Online Indonesia,1184379295
BlueSilentBell,579029660,249496081986555633,Toram Online Indonesia,1184379295
alriaco,902054279,633309402939112905,Toram Online Indonesia,1184379295
,5705894864,6405880610507857578,Toram Online Indonesia,1184379295
,5603101421,3203653819661844177,Toram Online Indonesia,1184379295
,1484465779,-6146270803132362770,Toram Online Indonesia,1184379295
underscoures,999489188,-2219595202030158049,Toram Online Indonesia,1184379295
Ryzeeeh,1985602345,-6638458568407953769,Toram Online Indonesia,1184379295
Riskiii90,1270507179,-5674871377716514668,Toram Online Indonesia,1184379295
Ilham_91e,1710417171,7547563013959951910,Toram Online Indonesia,1184379295
yushatroya,1034718319,-6954235631919833461,Toram Online Indonesia,1184379295
zaldi64,771686776,1736291687151989878,Toram Online Indonesia,1184379295
latifahrizqau,946235060,7984208698188086993,Toram Online Indonesia,1184379295
Bayyyo,1306208887,4428500651398942255,Toram Online Indonesia,1184379295
,678366280,6115015405702162759,Toram Online Indonesia,1184379295
rigormortisxxxb,1370268561,-2432609949836110827,Toram Online Indonesia,1184379295
,1005551298,-738096655177802636,Toram Online Indonesia,1184379295
arifsutiawidodo,790013067,6126196829811719791,Toram Online Indonesia,1184379295
Nasaiiiiiii,5722965780,575251776452577216,Toram Online Indonesia,1184379295
Sundaymorning2024,917198158,-6682342106292691693,Toram Online Indonesia,1184379295
Wee1s,515209211,-6669300057195922518,Toram Online Indonesia,1184379295
Jityuio,5703164706,-5958585950758610725,Toram Online Indonesia,1184379295
Jubinshi,1355765288,-3059971443409646619,Toram Online Indonesia,1184379295
,2078854988,-8507049054848428677,Toram Online Indonesia,1184379295
BUMBUM54,1820590386,6423859624482123283,Toram Online Indonesia,1184379295
,5449845717,-6010893114172371207,Toram Online Indonesia,1184379295
Cecuruts,1042584889,6640741975815296703,Toram Online Indonesia,1184379295
putraglo,1276745869,5320497557063821550,Toram Online Indonesia,1184379295
,5572204797,-268650574514643921,Toram Online Indonesia,1184379295
,1821125106,-3741176806280753052,Toram Online Indonesia,1184379295
,837783278,-1051186591038344653,Toram Online Indonesia,1184379295
p01990,2002784114,6709757185671990779,Toram Online Indonesia,1184379295
,1852900828,5211582728129754096,Toram Online Indonesia,1184379295
Dragonnet4,1821707131,4219495891367232826,Toram Online Indonesia,1184379295
,2027267226,6275088820159651865,Toram Online Indonesia,1184379295
,5387536106,-5848740115066432227,Toram Online Indonesia,1184379295
SoupaVillain,1566308717,957618735365999918,Toram Online Indonesia,1184379295
Chochep_pro,630219889,5739330263201767785,Toram Online Indonesia,1184379295
cxcxwl,1391672638,184697795801243285,Toram Online Indonesia,1184379295
,1464006881,6016012311285275398,Toram Online Indonesia,1184379295
rectanglee,1092290861,4085505512447173037,Toram Online Indonesia,1184379295
HyperGinn,964332464,-6089373034523831013,Toram Online Indonesia,1184379295
,1635848503,1330814727430173188,Toram Online Indonesia,1184379295
masjawanih,5684535038,-1357096566456646983,Toram Online Indonesia,1184379295
xLumiere99,1374411547,-4985498752693757543,Toram Online Indonesia,1184379295
IlhamApriansyah,1154332004,3557242718585452264,Toram Online Indonesia,1184379295
Cebol98,1612424711,-1776129455358263235,Toram Online Indonesia,1184379295
,5768880658,-1664891369277800693,Toram Online Indonesia,1184379295
Njaubanhet,1112583768,2572197190512970133,Toram Online Indonesia,1184379295
,5041181742,2865857475045308921,Toram Online Indonesia,1184379295
Ridwanf111,5504133936,-2455410841383457337,Toram Online Indonesia,1184379295
,1064818744,4137853445528456095,Toram Online Indonesia,1184379295
Azriian,1539198815,-5598891061535774520,Toram Online Indonesia,1184379295
hijikiw,5333406812,-4445326421775568757,Toram Online Indonesia,1184379295
Yud1_al,1864768043,-7085450470196524288,Toram Online Indonesia,1184379295
hgcusz,2032902707,-5657834782219969561,Toram Online Indonesia,1184379295
veebayyy,2021150894,6921230017795659154,Toram Online Indonesia,1184379295
Boboohoi,1011314070,6374787000157798959,Toram Online Indonesia,1184379295
,5214700907,2878951847640989809,Toram Online Indonesia,1184379295
,5280170757,7931712803919121001,Toram Online Indonesia,1184379295
Leen2ru,1152434344,3471857340252359104,Toram Online Indonesia,1184379295
,5142100064,4889137111594174438,Toram Online Indonesia,1184379295
,5606688756,-2518701141632492905,Toram Online Indonesia,1184379295
abdillahalfin,901090554,-8796146818135453878,Toram Online Indonesia,1184379295
,5353344729,-3060257257826182558,Toram Online Indonesia,1184379295
Azkakakak,1303539896,3936032787639190650,Toram Online Indonesia,1184379295
SultanDermawan,1344905611,3978276736928378781,Toram Online Indonesia,1184379295
gisapi,1410756752,-3258249692498204049,Toram Online Indonesia,1184379295
carmencaeli,5103371412,-3305855878432044341,Toram Online Indonesia,1184379295
PedokaPaduka,5601280831,-7553171840863480240,Toram Online Indonesia,1184379295
,5775126057,-6547143318103659629,Toram Online Indonesia,1184379295
,1659418189,5515525694418635686,Toram Online Indonesia,1184379295
Enal13,689905998,7315978493092454786,Toram Online Indonesia,1184379295
Dono223,1340081102,4253351539049006451,Toram Online Indonesia,1184379295
enzxyh,1756945529,-8279903876035304714,Toram Online Indonesia,1184379295
Neofelise_20,1227066576,-7783093573590355451,Toram Online Indonesia,1184379295
Akiko_Zel,5223302971,-4485940427409197241,Toram Online Indonesia,1184379295
hrkw_pv,5375871668,-2301821407002870004,Toram Online Indonesia,1184379295
,5280688600,775176616903916304,Toram Online Indonesia,1184379295
fedlys,947439307,3064338381805542579,Toram Online Indonesia,1184379295
Keps22,1520823111,7308656861877442254,Toram Online Indonesia,1184379295
,5107790770,4249448641431746439,Toram Online Indonesia,1184379295
,1934445588,3454372965306738737,Toram Online Indonesia,1184379295
pjkwork806,5101266193,-3738225181711195149,Toram Online Indonesia,1184379295
ardanheil,1192033589,-6172383072600977490,Toram Online Indonesia,1184379295
riand049,1181886162,7559141229196224935,Toram Online Indonesia,1184379295
Zarz22,1650452051,-1368604495557945079,Toram Online Indonesia,1184379295
,578655728,9034522443963132070,Toram Online Indonesia,1184379295
AvoyMihawx,471982771,7059875658269870301,Toram Online Indonesia,1184379295
,5494716440,-6939929514436985463,Toram Online Indonesia,1184379295
,1765624529,5180468501076369455,Toram Online Indonesia,1184379295
Baihaqi140,1499224196,-4127160696174135135,Toram Online Indonesia,1184379295
,5526988188,571976818685316107,Toram Online Indonesia,1184379295
,1447536697,-7575838083345212174,Toram Online Indonesia,1184379295
sinulinggayoutuberehagana,1943718939,-4590144913419445903,Toram Online Indonesia,1184379295
,1364295540,-4578982099480553916,Toram Online Indonesia,1184379295
Ranxakun,1608028128,-6420604212395105976,Toram Online Indonesia,1184379295
Dimm_poety,871474617,-4595775864766237708,Toram Online Indonesia,1184379295
BlumiPuffyDestroyer,5125024934,7106506567175941118,Toram Online Indonesia,1184379295
,1936750029,-3705313734018170936,Toram Online Indonesia,1184379295
Vertheragna,1293724030,6606206907223423098,Toram Online Indonesia,1184379295
heiuokey,5012325698,-6986330042883736715,Toram Online Indonesia,1184379295
vannicaans,5222279058,8387082826648249203,Toram Online Indonesia,1184379295
Rey_LM,1851120708,164522274065763510,Toram Online Indonesia,1184379295
DavePapaya,2100976875,3158602581131185090,Toram Online Indonesia,1184379295
,1821501897,468462292680224186,Toram Online Indonesia,1184379295
Grandito_T,1356084803,-143743730393452854,Toram Online Indonesia,1184379295
Fraghou,5099546315,-3269065973865508228,Toram Online Indonesia,1184379295
,5033421239,-1403759882471665482,Toram Online Indonesia,1184379295
sufokante,5271984993,-7011030699676876643,Toram Online Indonesia,1184379295
RahmadEraBaru,1268797041,788965903210499232,Toram Online Indonesia,1184379295
ArisyaaKN,1961762562,4774793416885219900,Toram Online Indonesia,1184379295
Sonma01,1391305766,-8463381588865031096,Toram Online Indonesia,1184379295
Kenawhysih,1442188674,-4453116875887274961,Toram Online Indonesia,1184379295
,5390300717,8861631406605554419,Toram Online Indonesia,1184379295
day044,5254570807,1515717533936752700,Toram Online Indonesia,1184379295
,1889360713,6834206811372014334,Toram Online Indonesia,1184379295
cukong_receh,684491031,4654821171678264203,Toram Online Indonesia,1184379295
SOHAMnimale,1200172429,848765327019510510,Toram Online Indonesia,1184379295
Zivariouseralivietaruin,5422188545,8835095828994844106,Toram Online Indonesia,1184379295
,1718007845,2091962569510470664,Toram Online Indonesia,1184379295
kangcilokk,695793014,-9029860427339480572,Toram Online Indonesia,1184379295
DOC_KY3,1790543816,2018059159193342482,Toram Online Indonesia,1184379295
,5468076266,3034046873966106689,Toram Online Indonesia,1184379295
,2125572385,-4442162526795940867,Toram Online Indonesia,1184379295
Regetsu,1301982388,-6157778241216577116,Toram Online Indonesia,1184379295
,5530026661,-2243488489723675696,Toram Online Indonesia,1184379295
Ichichi01,914983320,-7939655860389077145,Toram Online Indonesia,1184379295
Topek886,819896231,-3193921850687266895,Toram Online Indonesia,1184379295
MakimaSatoru,1871257342,6875640778788881831,Toram Online Indonesia,1184379295
MashCer,704483688,2329465643388437305,Toram Online Indonesia,1184379295
,5517023144,-7199226540227914346,Toram Online Indonesia,1184379295
bangku_presiden,5009925487,-9128845448099201671,Toram Online Indonesia,1184379295
ezion15,1350532363,-541581850673084200,Toram Online Indonesia,1184379295
leaquerencia,1016158318,8749779258505832512,Toram Online Indonesia,1184379295
AreeDaSilva,773645842,1539231917165837591,Toram Online Indonesia,1184379295
hikikomorisan,1287068104,-8265678789091152067,Toram Online Indonesia,1184379295
suptaaa,1293105321,-6755193808926216904,Toram Online Indonesia,1184379295
sepuluhbelas,1352539882,-1664873533799574693,Toram Online Indonesia,1184379295
Itsnmckkk,1934262740,2606450934505911189,Toram Online Indonesia,1184379295
Akukembali666,1281622363,4313557417342141918,Toram Online Indonesia,1184379295
tri_gntglo,5045153461,3064771904007272931,Toram Online Indonesia,1184379295
razshura07,1838838414,1055772596520058257,Toram Online Indonesia,1184379295
,1385149199,4654279042788670145,Toram Online Indonesia,1184379295
Kuro_kn,1306967464,-1373460207042680727,Toram Online Indonesia,1184379295
Rianzulfa,5014610566,4228879134229581948,Toram Online Indonesia,1184379295
syahrulbb,1394000435,2779285360691677490,Toram Online Indonesia,1184379295
,1319953484,-3904195715573576516,Toram Online Indonesia,1184379295
Angels_Floww,1577004766,6628110654723378480,Toram Online Indonesia,1184379295
arfznl,711648542,3500514175013933063,Toram Online Indonesia,1184379295
,2004932720,992595587078731051,Toram Online Indonesia,1184379295
kid_jo3,1589888816,8103381839307499840,Toram Online Indonesia,1184379295
zeatk,1821331619,4005400754149452572,Toram Online Indonesia,1184379295
Kariraya,1837072897,557765346860665367,Toram Online Indonesia,1184379295
Vierrr1,1484743336,-1300759223150490237,Toram Online Indonesia,1184379295
,1694843731,3492792280896117698,Toram Online Indonesia,1184379295
arunikaaksara,996787615,-2169391851671758849,Toram Online Indonesia,1184379295
Gilangard30,1631291292,8891100872733367262,Toram Online Indonesia,1184379295
qwetttyi,1124884713,32468754177608918,Toram Online Indonesia,1184379295
Ipinarsek6,1135535253,-2112432001281338988,Toram Online Indonesia,1184379295
,1765021613,-1850887087897234346,Toram Online Indonesia,1184379295
HazamaShido0104,1195440916,212797321728845771,Toram Online Indonesia,1184379295
,1936136667,5066526542855973911,Toram Online Indonesia,1184379295
,1753147459,-204666344354164689,Toram Online Indonesia,1184379295
,958763410,4923371601545594778,Toram Online Indonesia,1184379295
Elzonart,397840821,2263674225508621819,Toram Online Indonesia,1184379295
yonathanseptio,1122820804,-3372979241826859661,Toram Online Indonesia,1184379295
,2054438892,-1166021190994374041,Toram Online Indonesia,1184379295
nayki01,1393377430,-2364618591260114200,Toram Online Indonesia,1184379295
,1800980830,-2290814011217283601,Toram Online Indonesia,1184379295
sncyv,1196717917,-9077788988508936231,Toram Online Indonesia,1184379295
,5180898013,5513046962910583166,Toram Online Indonesia,1184379295
,1861996428,-5164690314734133593,Toram Online Indonesia,1184379295
Erennnjaeger,1390808093,-3683487318270781814,Toram Online Indonesia,1184379295
Call_Me_BUSH,1612258444,7616683669959071207,Toram Online Indonesia,1184379295
VikarPutranto,1033134363,953875648996760927,Toram Online Indonesia,1184379295
ibnsngn,1129825792,-1993762858187527753,Toram Online Indonesia,1184379295
GumilangP,886700083,-3914938943702339331,Toram Online Indonesia,1184379295
Kennnzo808,777188987,-332666530942539582,Toram Online Indonesia,1184379295
MMJStan,1691739720,7139319978873619042,Toram Online Indonesia,1184379295
CallmeMota,1457198588,-3324921414857726136,Toram Online Indonesia,1184379295
Upilbersinar,1039480959,-9087710125094817330,Toram Online Indonesia,1184379295
,1766373813,3683872805200448739,Toram Online Indonesia,1184379295
luvskeinaa,1291973354,8369896344318652538,Toram Online Indonesia,1184379295
me123455667,1343485427,5674945198167658582,Toram Online Indonesia,1184379295
,1751988308,-6864082663410795783,Toram Online Indonesia,1184379295
Ipoenk17,1960178142,3802522194004566076,Toram Online Indonesia,1184379295
Shouta_ren,1494941386,6413367038971154367,Toram Online Indonesia,1184379295
,1755730420,2364420182089829047,Toram Online Indonesia,1184379295
xmdecho,1010361447,1323930480872928640,Toram Online Indonesia,1184379295
myramdz,672689885,4018952002995981325,Toram Online Indonesia,1184379295
,1347131077,-8324112308884030676,Toram Online Indonesia,1184379295
XyReyy,1614960654,-6058390775824712742,Toram Online Indonesia,1184379295
AldiAprirama,768550120,-738852020575189332,Toram Online Indonesia,1184379295
,2032439493,8224358292272171112,Toram Online Indonesia,1184379295
Riyanmbetenk,5003132327,9078312930392571026,Toram Online Indonesia,1184379295
Weeax,1317905749,-48657953442331219,Toram Online Indonesia,1184379295
Nn82637,1779372254,8022917566859272648,Toram Online Indonesia,1184379295
,983804016,-8219396676663283743,Toram Online Indonesia,1184379295
Mokuro0,1195678433,1673705521069523708,Toram Online Indonesia,1184379295
SiiMightinest,1016157069,2902655412204601297,Toram Online Indonesia,1184379295
Ahyarun,1164130121,-7595257220570917543,Toram Online Indonesia,1184379295
Muhim123,399591425,7039989651916897697,Toram Online Indonesia,1184379295
Lord_Gilgamesh,1632377166,-3535282113357246923,Toram Online Indonesia,1184379295
Err155,1323350315,-48165926639836796,Toram Online Indonesia,1184379295
Jabarfirdaus,1396679132,6312202386415126717,Toram Online Indonesia,1184379295
Habits021,1066813317,6055525224462901408,Toram Online Indonesia,1184379295
,1191868809,-2140385721874367812,Toram Online Indonesia,1184379295
,910031503,7433983085121871589,Toram Online Indonesia,1184379295
luvitee,1253396040,1597182002274404360,Toram Online Indonesia,1184379295
Dimasali2281,1344173855,-7188296345489465781,Toram Online Indonesia,1184379295
Andre_909,1950862259,-6678903094161448032,Toram Online Indonesia,1184379295
Maldysa,781877060,7126064983630143736,Toram Online Indonesia,1184379295
Almaius,1248239885,7337250380465474858,Toram Online Indonesia,1184379295
Ryuuto_Ryu,1545126628,-2412711958115010440,Toram Online Indonesia,1184379295
Rosmooo,1881436965,-2881974811601672637,Toram Online Indonesia,1184379295
l0vput,1703618772,8067958001278947366,Toram Online Indonesia,1184379295
,1958291789,-6948403693734528981,Toram Online Indonesia,1184379295
dgsfgrtu,5095247801,3542204212796039398,Toram Online Indonesia,1184379295
,1962866875,-6982661204931998117,Toram Online Indonesia,1184379295
Pranata90,1185687222,5047329846679855598,Toram Online Indonesia,1184379295
Allienface,1190470860,4254864330619651183,Toram Online Indonesia,1184379295
Ichahypnotic,1089721462,-4339088800271628687,Toram Online Indonesia,1184379295
Nyahhaa,1298400020,9173157041483122137,Toram Online Indonesia,1184379295
DeniArdiyansahh,1442349479,-6814499930452956213,Toram Online Indonesia,1184379295
,1394886581,6491476299859647048,Toram Online Indonesia,1184379295
ERLITA0214,1913867166,7202162651957166206,Toram Online Indonesia,1184379295
Dellyan_A,1390276296,-7067530674559914356,Toram Online Indonesia,1184379295
,1201747527,-2458738453260138321,Toram Online Indonesia,1184379295
eyefold,1742159958,-1225075591500736236,Toram Online Indonesia,1184379295
,1826066052,-7343266177111498026,Toram Online Indonesia,1184379295
manikandan01986,1213395611,7225004819485880330,Toram Online Indonesia,1184379295
,1913415306,-6744535769493439105,Toram Online Indonesia,1184379295
Rauzel,640436731,2033299194405415840,Toram Online Indonesia,1184379295
,2018888335,3602605162512381785,Toram Online Indonesia,1184379295
DoktrinWIBU,415619970,4608893641495656345,Toram Online Indonesia,1184379295
RL181921,1940377659,-949567643371443347,Toram Online Indonesia,1184379295
,1984430693,8223261813435442582,Toram Online Indonesia,1184379295
sekarrpmu,1878402599,-6192514132573187713,Toram Online Indonesia,1184379295
Laalilulu,1449179048,5744849976117917888,Toram Online Indonesia,1184379295
ume_boshii,1222262568,-2405856460764961381,Toram Online Indonesia,1184379295
Dennyyw,1282955505,-2984746244436746597,Toram Online Indonesia,1184379295
bimahendra00,741884264,-958421096177089115,Toram Online Indonesia,1184379295
Milkshakevanilaoreo,1561252869,-7747762881353735310,Toram Online Indonesia,1184379295
RanggaCasper,1927729062,-948247766061123850,Toram Online Indonesia,1184379295
Iriscl13,1356456069,894848310823805607,Toram Online Indonesia,1184379295
Aquartararo,1160618968,5227848164627482067,Toram Online Indonesia,1184379295
WinterBlash,1655249544,7537816008472721932,Toram Online Indonesia,1184379295
zvalca,1466822066,-2567318956138198212,Toram Online Indonesia,1184379295
Kenyud,1441390407,-7888369053434002532,Toram Online Indonesia,1184379295
kazio01,600397903,3673892010224803331,Toram Online Indonesia,1184379295
Akusayangganyu,1984700294,-3285104452296166540,Toram Online Indonesia,1184379295
MichinoChan,1352198640,-8869868250762947867,Toram Online Indonesia,1184379295
gratefulsunset,1059809376,-5521987884712117313,Toram Online Indonesia,1184379295
bintang8504,1464652139,5288859226469798832,Toram Online Indonesia,1184379295
,1282718486,-7576151740064255130,Toram Online Indonesia,1184379295
Shashaswan,1016181423,-7395809685714153959,Toram Online Indonesia,1184379295
LongNotSee,1392874111,7752109993924852186,Toram Online Indonesia,1184379295
,1416791257,5031582979215638496,Toram Online Indonesia,1184379295
tjokwiraditya,776834236,-4193522583502734712,Toram Online Indonesia,1184379295
dede_trichan,1436231446,2929381511180815329,Toram Online Indonesia,1184379295
Levia606,1049257439,7274394279304785151,Toram Online Indonesia,1184379295
,1204208514,4252247151658028929,Toram Online Indonesia,1184379295
,1367204179,893435947289541819,Toram Online Indonesia,1184379295
Pornfessor,1601775510,6057125462840332146,Toram Online Indonesia,1184379295
Begone_Thot,1237950688,-2271580300491963595,Toram Online Indonesia,1184379295
,1318403901,-2365420773460493872,Toram Online Indonesia,1184379295
,1179930049,-4962479417274150182,Toram Online Indonesia,1184379295
virida22,1954805764,5675652674437293600,Toram Online Indonesia,1184379295
abroryh,1345013032,-4831752269595194338,Toram Online Indonesia,1184379295
pica_q,1256484792,-5289951269508227377,Toram Online Indonesia,1184379295
TachibanaYuu,655716961,-7864769311402334146,Toram Online Indonesia,1184379295
XiaoXiao1000,1798499553,7491804324120960813,Toram Online Indonesia,1184379295
Cugacuga,979157170,1598720107130057598,Toram Online Indonesia,1184379295
mbi88q,720028014,7691411116831315736,Toram Online Indonesia,1184379295
,1256628021,5718225324267393020,Toram Online Indonesia,1184379295
,1338448264,-5122543224142789505,Toram Online Indonesia,1184379295
,1785428233,2144385651596875184,Toram Online Indonesia,1184379295
,1495931655,4873682628589291308,Toram Online Indonesia,1184379295
hannaa37,1016783755,-6871426019113898393,Toram Online Indonesia,1184379295
AriiRamdaniii,1760592630,-4610399288657712076,Toram Online Indonesia,1184379295
qowwy13,966537372,5785971538872678967,Toram Online Indonesia,1184379295
Hynee,1118558367,-8945509290427074583,Toram Online Indonesia,1184379295
Razzend45,1232441485,-6302843510406373138,Toram Online Indonesia,1184379295
Arfy1,1427868485,338986484709487393,Toram Online Indonesia,1184379295
dustchn,1265089388,750605165021738294,Toram Online Indonesia,1184379295
,420746935,-6250490190189116394,Toram Online Indonesia,1184379295
Ezvolt,1078802355,1783438847033902467,Toram Online Indonesia,1184379295
SopiyanAikal,1543691837,3602359150294529143,Toram Online Indonesia,1184379295
cahyarq,520678300,-3814794890781581584,Toram Online Indonesia,1184379295
Fadhilfwwz,1096324339,-447655666132121282,Toram Online Indonesia,1184379295
Tys0n00,1086469847,4698009543380438040,Toram Online Indonesia,1184379295
yasirwn,751432995,3353309998545028665,Toram Online Indonesia,1184379295
,1733112393,7180441200158836948,Toram Online Indonesia,1184379295
Feriirnandi,1453350462,-1508603577348209235,Toram Online Indonesia,1184379295
Cheryylee,1280124291,-2516484822634642668,Toram Online Indonesia,1184379295
Aquaify,891316368,-6507010970805362692,Toram Online Indonesia,1184379295
pinkweirdo,1355972053,1026726871256855981,Toram Online Indonesia,1184379295
Pamanku,1239084013,5254465414142049098,Toram Online Indonesia,1184379295
Reeeeeeei,1778591901,37090870331702869,Toram Online Indonesia,1184379295
notfakza,1327659687,-4181876255480565539,Toram Online Indonesia,1184379295
shortie_eunhaa,1621766542,-1642454786329374384,Toram Online Indonesia,1184379295
Riusugar,1015193988,-6339275784710116350,Toram Online Indonesia,1184379295
Dady07,753536358,-6696338304153737970,Toram Online Indonesia,1184379295
Hiro157,1700233976,-3249454814911174891,Toram Online Indonesia,1184379295
Dyy1812,1182048860,356646789385359853,Toram Online Indonesia,1184379295
BakudanBakudan,1147305203,7823830683649135715,Toram Online Indonesia,1184379295
Rizkiapriyadi,937799443,9051364070407037380,Toram Online Indonesia,1184379295
,1330964412,-9026294859891146866,Toram Online Indonesia,1184379295
dimaspra28,1190652442,2898290855657984506,Toram Online Indonesia,1184379295
whykho,296619125,-6145753203207587135,Toram Online Indonesia,1184379295
pythonidael,1221537810,6842001346024977737,Toram Online Indonesia,1184379295
,1444163570,8691592943995427507,Toram Online Indonesia,1184379295
,1235866056,2410432745427307162,Toram Online Indonesia,1184379295
Muhmd_adamm,1636116635,4171417144748588558,Toram Online Indonesia,1184379295
Umarxch,1631339759,4808856532568012570,Toram Online Indonesia,1184379295
ilysm_leejeno,1189923431,-6448020656725600386,Toram Online Indonesia,1184379295
Exsanx,1033985718,4637076923483898665,Toram Online Indonesia,1184379295
adyelghifar,1030676504,-5025752887969695671,Toram Online Indonesia,1184379295
Bagustian1,913025110,747185238216893120,Toram Online Indonesia,1184379295
miunachn,1292790095,-5264499098182510989,Toram Online Indonesia,1184379295
,1399860799,2478010982566875405,Toram Online Indonesia,1184379295
Jiwozs,1415520782,-2232696165336393750,Toram Online Indonesia,1184379295
illumigoreng,1487898847,-1427418782720365548,Toram Online Indonesia,1184379295
riddhoakbar,1275745090,-4803625473257495103,Toram Online Indonesia,1184379295
Shuuten,1342508483,-2607906413965200008,Toram Online Indonesia,1184379295
DrankCrimson,931828669,-7699918476148089530,Toram Online Indonesia,1184379295
,1369459888,2128353807450043823,Toram Online Indonesia,1184379295
Bayegtg,1247078667,3502473439850223920,Toram Online Indonesia,1184379295
CicakGepreQ,1386687849,-6720156903773454024,Toram Online Indonesia,1184379295
,1301850303,6399430245243719469,Toram Online Indonesia,1184379295
Ikhsan2555,1378469668,451609355504732227,Toram Online Indonesia,1184379295
,867017232,-4231712487000632451,Toram Online Indonesia,1184379295
Syarff,1214982489,-4653838639971188040,Toram Online Indonesia,1184379295
aytas23,703302415,-5521317810166210908,Toram Online Indonesia,1184379295
Seizii,1350861483,-6335413360888994875,Toram Online Indonesia,1184379295
Ika_pr,1092533149,-6359654514749921744,Toram Online Indonesia,1184379295
nothumannnn,906421872,8651196696571525135,Toram Online Indonesia,1184379295
,1531244917,3947778149625714391,Toram Online Indonesia,1184379295
Tefpra,957003035,-2715287382226257083,Toram Online Indonesia,1184379295
syafanakhirani,1099472694,-3342797813017316018,Toram Online Indonesia,1184379295
,674041004,-8306785208036228406,Toram Online Indonesia,1184379295
fahmizzamani,1356190402,6808844919850734875,Toram Online Indonesia,1184379295
anpe2sky,1025933241,-1423498708268139689,Toram Online Indonesia,1184379295
,1311278540,5815943610138241462,Toram Online Indonesia,1184379295
YunitaaM,953541419,4339233682960718000,Toram Online Indonesia,1184379295
epoel1990,74945375,8042585922793165122,Toram Online Indonesia,1184379295
spicykwacy,1138614781,-640390085297284648,Toram Online Indonesia,1184379295
Deycit,1205753305,-8896083275226508466,Toram Online Indonesia,1184379295
Kulub_hui,987173578,4696836684778366142,Toram Online Indonesia,1184379295
Kenken235,1074174163,-7769451111405061753,Toram Online Indonesia,1184379295
,1376961085,-1397487703040219349,Toram Online Indonesia,1184379295
faridriyadii,1026279192,581722229164651888,Toram Online Indonesia,1184379295
Winshop_gamming,1199071106,-988622540111464815,Toram Online Indonesia,1184379295
OGXanz,725875172,8043420041330689680,Toram Online Indonesia,1184379295
Ryu_yuan,1174447365,-2645402632791925750,Toram Online Indonesia,1184379295
rifaf_welix,1262599943,-3529340476105336144,Toram Online Indonesia,1184379295
rama01010,768484517,-3924435352058641935,Toram Online Indonesia,1184379295
soendanese,1035380860,8155100029863413491,Toram Online Indonesia,1184379295
TurahAdinatha,696964366,8280201365007765023,Toram Online Indonesia,1184379295
Nurasu17,512592777,159892744308585254,Toram Online Indonesia,1184379295
Elvan_28,568070583,1130385191943389867,Toram Online Indonesia,1184379295
imnotherehaha,309254784,-9219330219871400959,Toram Online Indonesia,1184379295
,894582333,7007044619452637048,Toram Online Indonesia,1184379295
existencse,851952217,118242556863106496,Toram Online Indonesia,1184379295
topanhann,555354155,-7104582196034215007,Toram Online Indonesia,1184379295
Heray_therevenged,486448179,8311513689419959675,Toram Online Indonesia,1184379295
